-- Adminer 4.7.1 MySQL dump

SET NAMES utf8;
SET time_zone = '+00:00';
SET foreign_key_checks = 0;
SET sql_mode = 'NO_AUTO_VALUE_ON_ZERO';

DROP VIEW IF EXISTS `angsuran_sudah_dibayar`;
CREATE TABLE `angsuran_sudah_dibayar` (`id_transaksi` int(11), `sudah_dibayar` decimal(32,0));


DROP VIEW IF EXISTS `banyak_peserta_transaksi`;
CREATE TABLE `banyak_peserta_transaksi` (`id_transaksi` int(11), `banyak_peserta` bigint(21));


DROP VIEW IF EXISTS `data_angsuran`;
CREATE TABLE `data_angsuran` (`id_jenis` int(11), `dp` int(11), `status` enum('Aktif','Dibatalkan'), `id_pengguna` int(11), `username` varchar(20), `email` varchar(50), `nohp` varchar(15), `tgl_bayar` date, `juml_bayar` int(11), `id_transaksi` int(11), `jenis_pembayaran` enum('DP','Angsuran'), `keterangan` varchar(255), `id` int(11));


DROP VIEW IF EXISTS `data_jenis_program`;
CREATE TABLE `data_jenis_program` (`nama_program` varchar(101), `kuota` int(11), `id` int(11), `id_program` int(11), `harga` int(11), `nm_jenis` varchar(50), `dp` int(11));


DROP VIEW IF EXISTS `data_keberangkatan`;
CREATE TABLE `data_keberangkatan` (`id` int(11), `tgl_berangkat` date, `nama_maskapai` varchar(50), `id_jenis` int(11), `status` varchar(50), `keterangan` text, `nama_program` varchar(50), `nm_jenis` varchar(50), `id_program` int(11), `kuota` int(11), `kuota_terpakai` bigint(21));


DROP VIEW IF EXISTS `data_peserta`;
CREATE TABLE `data_peserta` (`nama_lengkap` varchar(100), `nama_panggilan` varchar(50), `jenis_kelamin` varchar(20), `id_pengguna` int(11), `no_identitas` varchar(20), `tempat_lahir` varchar(255), `tgl_lahir` date, `alamat` varchar(255), `kel` varchar(100), `tlp_rumah` varchar(20), `tlp_kantor` varchar(20), `nohp` varchar(20), `email` varchar(50), `warga_negara` varchar(50), `pekerjaan` varchar(50), `ukuran_baju` varchar(20), `nama_ahliwaris` varchar(50), `hubungan_ahliwaris` varchar(50), `jk_ahliwaris` varchar(20), `kode_pos` varchar(20), `rt` varchar(10), `rw` varchar(10), `nm_kota` varchar(255), `id` int(11));


DROP VIEW IF EXISTS `data_peserta_keberangkatan`;
CREATE TABLE `data_peserta_keberangkatan` (`id` int(11), `nama_lengkap` varchar(100), `nama_panggilan` varchar(50), `jenis_kelamin` varchar(20), `no_identitas` varchar(20), `tgl_lahir` date, `alamat` varchar(255), `kel` varchar(100), `tlp_rumah` varchar(20), `tlp_kantor` varchar(20), `nohp` varchar(20), `email` varchar(50), `warga_negara` varchar(50), `pekerjaan` varchar(50), `ukuran_baju` varchar(20), `nama_ahliwaris` varchar(50), `hubungan_ahliwaris` varchar(50), `jk_ahliwaris` varchar(20), `kode_pos` varchar(20), `rt` varchar(10), `rw` varchar(10), `nm_kota` varchar(255), `id_keberangkatan` int(11), `id_peserta_transaksi` int(11), `id_program` int(11), `nama_program` varchar(50), `id_jenis` int(11), `nm_jenis` varchar(50), `id_transaksi` int(11), `tgl_berangkat` date, `nama_maskapai` varchar(50), `status` varchar(50), `keterangan` text);


DROP VIEW IF EXISTS `data_peserta_transaksi`;
CREATE TABLE `data_peserta_transaksi` (`id_program` int(11), `id_jenis` int(11), `total_bayar` bigint(21), `sudah_dibayar` decimal(32,0), `id` int(11), `id_peserta` int(11), `id_transaksi` int(11), `status` varchar(50), `keterangan` varchar(50), `nama_lengkap` varchar(100), `nama_panggilan` varchar(50), `jenis_kelamin` varchar(20), `no_identitas` varchar(20), `tempat_lahir` varchar(255), `tgl_lahir` date, `alamat` varchar(255), `kel` varchar(100), `tlp_rumah` varchar(20), `tlp_kantor` varchar(20), `nohp` varchar(20), `email` varchar(50), `warga_negara` varchar(50), `pekerjaan` varchar(50), `ukuran_baju` varchar(20), `nama_ahliwaris` varchar(50), `hubungan_ahliwaris` varchar(50), `jk_ahliwaris` varchar(20), `kode_pos` varchar(20), `tgl_daftar` date, `rt` varchar(10), `rw` varchar(10), `nm_kota` varchar(255), `nama_program` varchar(50), `nm_jenis` varchar(50));


DROP VIEW IF EXISTS `data_transaksi`;
CREATE TABLE `data_transaksi` (`id` int(11), `id_jenis` int(11), `dp` int(11), `status` enum('Aktif','Dibatalkan'), `id_pengguna` int(11), `sudah_dibayar` decimal(32,0), `total_peserta` bigint(21), `harga` int(11), `nm_jenis` varchar(50), `kuota` int(11), `nama_program` varchar(50), `username` varchar(20), `email` varchar(50), `nohp` varchar(15), `total_bayar` bigint(21), `id_program` int(11));


DROP VIEW IF EXISTS `laporan_data_transaksi`;
CREATE TABLE `laporan_data_transaksi` (`id` int(11), `id_jenis` int(11), `dp` int(11), `status` enum('Aktif','Dibatalkan'), `id_pengguna` int(11), `sudah_dibayar` decimal(32,0), `total_peserta` bigint(21), `harga` int(11), `nm_jenis` varchar(50), `kuota` int(11), `nama_program` varchar(50), `username` varchar(20), `email` varchar(50), `nohp` varchar(15), `total_bayar` bigint(21), `id_program` int(11), `tgl_bayar` date);


DROP TABLE IF EXISTS `tb_angsuran`;
CREATE TABLE `tb_angsuran` (
  `id` int(11) NOT NULL AUTO_INCREMENT,
  `tgl_bayar` date NOT NULL,
  `juml_bayar` int(11) NOT NULL,
  `id_transaksi` int(11) NOT NULL,
  `jenis_pembayaran` enum('DP','Angsuran') NOT NULL,
  `keterangan` varchar(255) NOT NULL,
  PRIMARY KEY (`id`),
  KEY `no_registrasi` (`id_transaksi`),
  CONSTRAINT `tb_angsuran_ibfk_1` FOREIGN KEY (`id_transaksi`) REFERENCES `tb_transaksi` (`id`) ON DELETE CASCADE ON UPDATE CASCADE
) ENGINE=InnoDB DEFAULT CHARSET=latin1;

INSERT INTO `tb_angsuran` (`id`, `tgl_bayar`, `juml_bayar`, `id_transaksi`, `jenis_pembayaran`, `keterangan`) VALUES
(16,	'2016-03-14',	5000000,	19,	'DP',	'DP'),
(17,	'2016-03-28',	5000000,	26,	'DP',	'DP'),
(18,	'2016-06-01',	5000000,	26,	'Angsuran',	'Angsuran 1'),
(19,	'2016-08-23',	10500000,	26,	'Angsuran',	'Pelunasan'),
(20,	'2016-05-27',	10000000,	27,	'DP',	'DP'),
(21,	'2016-08-30',	10500000,	27,	'Angsuran',	'Pelunasan'),
(22,	'2016-05-27',	10000000,	28,	'DP',	'DP'),
(23,	'2016-08-30',	10500000,	28,	'Angsuran',	'Pelunasan'),
(24,	'2016-05-26',	17000000,	29,	'DP',	'DP'),
(25,	'2016-09-19',	3500000,	29,	'Angsuran',	'Pelunasan'),
(26,	'2016-05-12',	5000000,	30,	'DP',	'DP'),
(27,	'2016-06-20',	3500000,	30,	'Angsuran',	'Angsuran 1'),
(28,	'2016-10-10',	4000000,	30,	'Angsuran',	'Angsuran 2'),
(29,	'2016-10-24',	6000000,	30,	'Angsuran',	'Angsuran 3'),
(30,	'2016-11-09',	2000000,	30,	'Angsuran',	'Pelunasan'),
(31,	'2016-05-19',	5000000,	31,	'DP',	'DP'),
(32,	'2016-06-02',	4000000,	31,	'Angsuran',	'Angsuran 1'),
(33,	'2016-08-05',	11500000,	31,	'Angsuran',	'Pelunasan'),
(34,	'2016-05-19',	5000000,	32,	'DP',	'DP'),
(35,	'2016-06-02',	4000000,	32,	'Angsuran',	'Angsuran 1'),
(36,	'2016-08-05',	11500000,	32,	'Angsuran',	'Pelunasan'),
(37,	'2016-05-16',	10000000,	33,	'DP',	'DP'),
(38,	'2016-10-03',	10500000,	33,	'Angsuran',	'Pelunasan'),
(39,	'2016-05-17',	10000000,	34,	'DP',	'DP'),
(40,	'2016-09-19',	10500000,	34,	'Angsuran',	'Pelunasan'),
(41,	'2016-05-23',	5000000,	35,	'DP',	'DP'),
(42,	'2016-07-03',	5500000,	35,	'Angsuran',	'Angsuran 1'),
(43,	'2016-10-07',	3000000,	35,	'Angsuran',	'Angsuran 2'),
(44,	'2016-11-07',	7000000,	35,	'Angsuran',	'Pelunasan'),
(45,	'2016-05-12',	5000000,	36,	'DP',	'DP\r\n'),
(46,	'2016-05-31',	3000000,	36,	'Angsuran',	'Angsuran 1'),
(47,	'2016-09-30',	12500000,	36,	'Angsuran',	'Pelunasan'),
(48,	'2019-02-12',	30000000,	38,	'DP',	'DP'),
(49,	'2016-03-02',	35000000,	38,	'Angsuran',	'Pelunasan'),
(50,	'2019-09-27',	20000000,	42,	'DP',	'DP + Angsuran'),
(51,	'2019-09-27',	100000000,	43,	'DP',	'DP +Angsuran'),
(52,	'2019-09-27',	5500000,	42,	'Angsuran',	'Pelunasan'),
(53,	'2019-09-27',	128950000,	43,	'Angsuran',	'Pelunasan');

DROP TABLE IF EXISTS `tb_jenis_program`;
CREATE TABLE `tb_jenis_program` (
  `id` int(11) NOT NULL AUTO_INCREMENT,
  `id_program` int(11) NOT NULL,
  `harga` int(11) NOT NULL,
  `nm_jenis` varchar(50) NOT NULL,
  `kuota` int(11) NOT NULL,
  `dp` int(11) NOT NULL,
  PRIMARY KEY (`id`),
  KEY `id_program` (`id_program`),
  CONSTRAINT `tb_jenis_program_ibfk_1` FOREIGN KEY (`id_program`) REFERENCES `tb_program` (`id`) ON DELETE CASCADE ON UPDATE CASCADE
) ENGINE=InnoDB DEFAULT CHARSET=latin1;

INSERT INTO `tb_jenis_program` (`id`, `id_program`, `harga`, `nm_jenis`, `kuota`, `dp`) VALUES
(4,	8,	228950000,	'Double',	1,	10000000),
(5,	8,	207450000,	'Qward',	1,	10000000),
(6,	8,	221750000,	'Triple',	1,	10000000),
(7,	9,	20500000,	'9 Hari',	1,	5000000),
(8,	9,	25500000,	'12 Hari',	1,	5000000),
(9,	10,	4500000,	'SIN KUL 4D3N',	10,	2000000),
(10,	10,	6500000,	'SIN BKK 4D3N',	10,	3000000),
(11,	10,	6500000,	'SIN KUL HATYAI 6D5N',	10,	3000000),
(12,	10,	12000000,	'KOREA 6D5N',	10,	6000000);

DROP TABLE IF EXISTS `tb_keberangkatan`;
CREATE TABLE `tb_keberangkatan` (
  `id` int(11) NOT NULL AUTO_INCREMENT,
  `tgl_berangkat` date NOT NULL,
  `nama_maskapai` varchar(50) NOT NULL,
  `id_jenis` int(11) NOT NULL,
  `status` varchar(50) NOT NULL,
  `keterangan` text,
  `kuota` int(11) DEFAULT NULL,
  PRIMARY KEY (`id`),
  KEY `id_jenis` (`id_jenis`),
  CONSTRAINT `tb_keberangkatan_ibfk_1` FOREIGN KEY (`id_jenis`) REFERENCES `tb_jenis_program` (`id`) ON DELETE CASCADE ON UPDATE CASCADE
) ENGINE=InnoDB DEFAULT CHARSET=latin1;

INSERT INTO `tb_keberangkatan` (`id`, `tgl_berangkat`, `nama_maskapai`, `id_jenis`, `status`, `keterangan`, `kuota`) VALUES
(5,	'2016-12-26',	'Garuda',	7,	'Sudah Kembali',	'',	100),
(6,	'2019-06-08',	'Garuda',	11,	'Sudah Kembali',	'',	50);

DROP TABLE IF EXISTS `tb_kota`;
CREATE TABLE `tb_kota` (
  `id` int(11) NOT NULL AUTO_INCREMENT,
  `id_provinsi` int(11) NOT NULL,
  `nm_kota` varchar(255) COLLATE utf8_unicode_ci NOT NULL,
  PRIMARY KEY (`id`),
  KEY `regencies_province_id_index` (`id_provinsi`)
) ENGINE=InnoDB DEFAULT CHARSET=utf8 COLLATE=utf8_unicode_ci;

INSERT INTO `tb_kota` (`id`, `id_provinsi`, `nm_kota`) VALUES
(3,	11,	'KABUPATEN SIMEULUE'),
(4,	11,	'KABUPATEN ACEH SINGKIL'),
(5,	11,	'KABUPATEN ACEH SELATAN'),
(6,	11,	'KABUPATEN ACEH TENGGARA'),
(7,	11,	'KABUPATEN ACEH TIMUR'),
(8,	11,	'KABUPATEN ACEH TENGAH'),
(9,	11,	'KABUPATEN ACEH BARAT'),
(10,	11,	'KABUPATEN ACEH BESAR'),
(11,	11,	'KABUPATEN PIDIE'),
(12,	11,	'KABUPATEN BIREUEN'),
(13,	11,	'KABUPATEN ACEH UTARA'),
(14,	11,	'KABUPATEN ACEH BARAT DAYA'),
(15,	11,	'KABUPATEN GAYO LUES'),
(16,	11,	'KABUPATEN ACEH TAMIANG'),
(17,	11,	'KABUPATEN NAGAN RAYA'),
(18,	11,	'KABUPATEN ACEH JAYA'),
(19,	11,	'KABUPATEN BENER MERIAH'),
(20,	11,	'KABUPATEN PIDIE JAYA'),
(21,	11,	'KOTA BANDA ACEH'),
(22,	11,	'KOTA SABANG'),
(23,	11,	'KOTA LANGSA'),
(24,	11,	'KOTA LHOKSEUMAWE'),
(25,	11,	'KOTA SUBULUSSALAM'),
(26,	12,	'KABUPATEN NIAS'),
(27,	12,	'KABUPATEN MANDAILING NATAL'),
(28,	12,	'KABUPATEN TAPANULI SELATAN'),
(29,	12,	'KABUPATEN TAPANULI TENGAH'),
(30,	12,	'KABUPATEN TAPANULI UTARA'),
(31,	12,	'KABUPATEN TOBA SAMOSIR'),
(32,	12,	'KABUPATEN LABUHAN BATU'),
(33,	12,	'KABUPATEN ASAHAN'),
(34,	12,	'KABUPATEN SIMALUNGUN'),
(35,	12,	'KABUPATEN DAIRI'),
(36,	12,	'KABUPATEN KARO'),
(37,	12,	'KABUPATEN DELI SERDANG'),
(38,	12,	'KABUPATEN LANGKAT'),
(39,	12,	'KABUPATEN NIAS SELATAN'),
(40,	12,	'KABUPATEN HUMBANG HASUNDUTAN'),
(41,	12,	'KABUPATEN PAKPAK BHARAT'),
(42,	12,	'KABUPATEN SAMOSIR'),
(43,	12,	'KABUPATEN SERDANG BEDAGAI'),
(44,	12,	'KABUPATEN BATU BARA'),
(45,	12,	'KABUPATEN PADANG LAWAS UTARA'),
(46,	12,	'KABUPATEN PADANG LAWAS'),
(47,	12,	'KABUPATEN LABUHAN BATU SELATAN'),
(48,	12,	'KABUPATEN LABUHAN BATU UTARA'),
(49,	12,	'KABUPATEN NIAS UTARA'),
(50,	12,	'KABUPATEN NIAS BARAT'),
(51,	12,	'KOTA SIBOLGA'),
(52,	12,	'KOTA TANJUNG BALAI'),
(53,	12,	'KOTA PEMATANG SIANTAR'),
(54,	12,	'KOTA TEBING TINGGI'),
(55,	12,	'KOTA MEDAN'),
(56,	12,	'KOTA BINJAI'),
(57,	12,	'KOTA PADANGSIDIMPUAN'),
(58,	12,	'KOTA GUNUNGSITOLI'),
(59,	13,	'KABUPATEN KEPULAUAN MENTAWAI'),
(60,	13,	'KABUPATEN PESISIR SELATAN'),
(61,	13,	'KABUPATEN SOLOK'),
(62,	13,	'KABUPATEN SIJUNJUNG'),
(63,	13,	'KABUPATEN TANAH DATAR'),
(64,	13,	'KABUPATEN PADANG PARIAMAN'),
(65,	13,	'KABUPATEN AGAM'),
(66,	13,	'KABUPATEN LIMA PULUH KOTA'),
(67,	13,	'KABUPATEN PASAMAN'),
(68,	13,	'KABUPATEN SOLOK SELATAN'),
(69,	13,	'KABUPATEN DHARMASRAYA'),
(70,	13,	'KABUPATEN PASAMAN BARAT'),
(71,	13,	'KOTA PADANG'),
(72,	13,	'KOTA SOLOK'),
(73,	13,	'KOTA SAWAH LUNTO'),
(74,	13,	'KOTA PADANG PANJANG'),
(75,	13,	'KOTA BUKITTINGGI'),
(76,	13,	'KOTA PAYAKUMBUH'),
(77,	13,	'KOTA PARIAMAN'),
(78,	14,	'KABUPATEN KUANTAN SINGINGI'),
(79,	14,	'KABUPATEN INDRAGIRI HULU'),
(80,	14,	'KABUPATEN INDRAGIRI HILIR'),
(81,	14,	'KABUPATEN PELALAWAN'),
(82,	14,	'KABUPATEN S I A K'),
(83,	14,	'KABUPATEN KAMPAR'),
(84,	14,	'KABUPATEN ROKAN HULU'),
(85,	14,	'KABUPATEN BENGKALIS'),
(86,	14,	'KABUPATEN ROKAN HILIR'),
(87,	14,	'KABUPATEN KEPULAUAN MERANTI'),
(88,	14,	'KOTA PEKANBARU'),
(89,	14,	'KOTA D U M A I'),
(90,	15,	'KABUPATEN KERINCI'),
(91,	15,	'KABUPATEN MERANGIN'),
(92,	15,	'KABUPATEN SAROLANGUN'),
(93,	15,	'KABUPATEN BATANG HARI'),
(94,	15,	'KABUPATEN MUARO JAMBI'),
(95,	15,	'KABUPATEN TANJUNG JABUNG TIMUR'),
(96,	15,	'KABUPATEN TANJUNG JABUNG BARAT'),
(97,	15,	'KABUPATEN TEBO'),
(98,	15,	'KABUPATEN BUNGO'),
(99,	15,	'KOTA JAMBI'),
(100,	15,	'KOTA SUNGAI PENUH'),
(101,	16,	'KABUPATEN OGAN KOMERING ULU'),
(102,	16,	'KABUPATEN OGAN KOMERING ILIR'),
(103,	16,	'KABUPATEN MUARA ENIM'),
(104,	16,	'KABUPATEN LAHAT'),
(105,	16,	'KABUPATEN MUSI RAWAS'),
(106,	16,	'KABUPATEN MUSI BANYUASIN'),
(107,	16,	'KABUPATEN BANYU ASIN'),
(108,	16,	'KABUPATEN OGAN KOMERING ULU SELATAN'),
(109,	16,	'KABUPATEN OGAN KOMERING ULU TIMUR'),
(110,	16,	'KABUPATEN OGAN ILIR'),
(111,	16,	'KABUPATEN EMPAT LAWANG'),
(112,	16,	'KABUPATEN PENUKAL ABAB LEMATANG ILIR'),
(113,	16,	'KABUPATEN MUSI RAWAS UTARA'),
(114,	16,	'KOTA PALEMBANG'),
(115,	16,	'KOTA PRABUMULIH'),
(116,	16,	'KOTA PAGAR ALAM'),
(117,	16,	'KOTA LUBUKLINGGAU'),
(118,	17,	'KABUPATEN BENGKULU SELATAN'),
(119,	17,	'KABUPATEN REJANG LEBONG'),
(120,	17,	'KABUPATEN BENGKULU UTARA'),
(121,	17,	'KABUPATEN KAUR'),
(122,	17,	'KABUPATEN SELUMA'),
(123,	17,	'KABUPATEN MUKOMUKO'),
(124,	17,	'KABUPATEN LEBONG'),
(125,	17,	'KABUPATEN KEPAHIANG'),
(126,	17,	'KABUPATEN BENGKULU TENGAH'),
(127,	17,	'KOTA BENGKULU'),
(128,	18,	'KABUPATEN LAMPUNG BARAT'),
(129,	18,	'KABUPATEN TANGGAMUS'),
(130,	18,	'KABUPATEN LAMPUNG SELATAN'),
(131,	18,	'KABUPATEN LAMPUNG TIMUR'),
(132,	18,	'KABUPATEN LAMPUNG TENGAH'),
(133,	18,	'KABUPATEN LAMPUNG UTARA'),
(134,	18,	'KABUPATEN WAY KANAN'),
(135,	18,	'KABUPATEN TULANGBAWANG'),
(136,	18,	'KABUPATEN PESAWARAN'),
(137,	18,	'KABUPATEN PRINGSEWU'),
(138,	18,	'KABUPATEN MESUJI'),
(139,	18,	'KABUPATEN TULANG BAWANG BARAT'),
(140,	18,	'KABUPATEN PESISIR BARAT'),
(141,	18,	'KOTA BANDAR LAMPUNG'),
(142,	18,	'KOTA METRO'),
(143,	19,	'KABUPATEN BANGKA'),
(144,	19,	'KABUPATEN BELITUNG'),
(145,	19,	'KABUPATEN BANGKA BARAT'),
(146,	19,	'KABUPATEN BANGKA TENGAH'),
(147,	19,	'KABUPATEN BANGKA SELATAN'),
(148,	19,	'KABUPATEN BELITUNG TIMUR'),
(149,	19,	'KOTA PANGKAL PINANG'),
(150,	21,	'KABUPATEN KARIMUN'),
(151,	21,	'KABUPATEN BINTAN'),
(152,	21,	'KABUPATEN NATUNA'),
(153,	21,	'KABUPATEN LINGGA'),
(154,	21,	'KABUPATEN KEPULAUAN ANAMBAS'),
(155,	21,	'KOTA B A T A M'),
(156,	21,	'KOTA TANJUNG PINANG'),
(157,	31,	'KABUPATEN KEPULAUAN SERIBU'),
(158,	31,	'KOTA JAKARTA SELATAN'),
(159,	31,	'KOTA JAKARTA TIMUR'),
(160,	31,	'KOTA JAKARTA PUSAT'),
(161,	31,	'KOTA JAKARTA BARAT'),
(162,	31,	'KOTA JAKARTA UTARA'),
(163,	32,	'KABUPATEN BOGOR'),
(164,	32,	'KABUPATEN SUKABUMI'),
(165,	32,	'KABUPATEN CIANJUR'),
(166,	32,	'KABUPATEN BANDUNG'),
(167,	32,	'KABUPATEN GARUT'),
(168,	32,	'KABUPATEN TASIKMALAYA'),
(169,	32,	'KABUPATEN CIAMIS'),
(170,	32,	'KABUPATEN KUNINGAN'),
(171,	32,	'KABUPATEN CIREBON'),
(172,	32,	'KABUPATEN MAJALENGKA'),
(173,	32,	'KABUPATEN SUMEDANG'),
(174,	32,	'KABUPATEN INDRAMAYU'),
(175,	32,	'KABUPATEN SUBANG'),
(176,	32,	'KABUPATEN PURWAKARTA'),
(177,	32,	'KABUPATEN KARAWANG'),
(178,	32,	'KABUPATEN BEKASI'),
(179,	32,	'KABUPATEN BANDUNG BARAT'),
(180,	32,	'KABUPATEN PANGANDARAN'),
(181,	32,	'KOTA BOGOR'),
(182,	32,	'KOTA SUKABUMI'),
(183,	32,	'KOTA BANDUNG'),
(184,	32,	'KOTA CIREBON'),
(185,	32,	'KOTA BEKASI'),
(186,	32,	'KOTA DEPOK'),
(187,	32,	'KOTA CIMAHI'),
(188,	32,	'KOTA TASIKMALAYA'),
(189,	32,	'KOTA BANJAR'),
(190,	33,	'KABUPATEN CILACAP'),
(191,	33,	'KABUPATEN BANYUMAS'),
(192,	33,	'KABUPATEN PURBALINGGA'),
(193,	33,	'KABUPATEN BANJARNEGARA'),
(194,	33,	'KABUPATEN KEBUMEN'),
(195,	33,	'KABUPATEN PURWOREJO'),
(196,	33,	'KABUPATEN WONOSOBO'),
(197,	33,	'KABUPATEN MAGELANG'),
(198,	33,	'KABUPATEN BOYOLALI'),
(199,	33,	'KABUPATEN KLATEN'),
(200,	33,	'KABUPATEN SUKOHARJO'),
(201,	33,	'KABUPATEN WONOGIRI'),
(202,	33,	'KABUPATEN KARANGANYAR'),
(203,	33,	'KABUPATEN SRAGEN'),
(204,	33,	'KABUPATEN GROBOGAN'),
(205,	33,	'KABUPATEN BLORA'),
(206,	33,	'KABUPATEN REMBANG'),
(207,	33,	'KABUPATEN PATI'),
(208,	33,	'KABUPATEN KUDUS'),
(209,	33,	'KABUPATEN JEPARA'),
(210,	33,	'KABUPATEN DEMAK'),
(211,	33,	'KABUPATEN SEMARANG'),
(212,	33,	'KABUPATEN TEMANGGUNG'),
(213,	33,	'KABUPATEN KENDAL'),
(214,	33,	'KABUPATEN BATANG'),
(215,	33,	'KABUPATEN PEKALONGAN'),
(216,	33,	'KABUPATEN PEMALANG'),
(217,	33,	'KABUPATEN TEGAL'),
(218,	33,	'KABUPATEN BREBES'),
(219,	33,	'KOTA MAGELANG'),
(220,	33,	'KOTA SURAKARTA'),
(221,	33,	'KOTA SALATIGA'),
(222,	33,	'KOTA SEMARANG'),
(223,	33,	'KOTA PEKALONGAN'),
(224,	33,	'KOTA TEGAL'),
(225,	34,	'KABUPATEN KULON PROGO'),
(226,	34,	'KABUPATEN BANTUL'),
(227,	34,	'KABUPATEN GUNUNG KIDUL'),
(228,	34,	'KABUPATEN SLEMAN'),
(229,	34,	'KOTA YOGYAKARTA'),
(230,	35,	'KABUPATEN PACITAN'),
(231,	35,	'KABUPATEN PONOROGO'),
(232,	35,	'KABUPATEN TRENGGALEK'),
(233,	35,	'KABUPATEN TULUNGAGUNG'),
(234,	35,	'KABUPATEN BLITAR'),
(235,	35,	'KABUPATEN KEDIRI'),
(236,	35,	'KABUPATEN MALANG'),
(237,	35,	'KABUPATEN LUMAJANG'),
(238,	35,	'KABUPATEN JEMBER'),
(239,	35,	'KABUPATEN BANYUWANGI'),
(240,	35,	'KABUPATEN BONDOWOSO'),
(241,	35,	'KABUPATEN SITUBONDO'),
(242,	35,	'KABUPATEN PROBOLINGGO'),
(243,	35,	'KABUPATEN PASURUAN'),
(244,	35,	'KABUPATEN SIDOARJO'),
(245,	35,	'KABUPATEN MOJOKERTO'),
(246,	35,	'KABUPATEN JOMBANG'),
(247,	35,	'KABUPATEN NGANJUK'),
(248,	35,	'KABUPATEN MADIUN'),
(249,	35,	'KABUPATEN MAGETAN'),
(250,	35,	'KABUPATEN NGAWI'),
(251,	35,	'KABUPATEN BOJONEGORO'),
(252,	35,	'KABUPATEN TUBAN'),
(253,	35,	'KABUPATEN LAMONGAN'),
(254,	35,	'KABUPATEN GRESIK'),
(255,	35,	'KABUPATEN BANGKALAN'),
(256,	35,	'KABUPATEN SAMPANG'),
(257,	35,	'KABUPATEN PAMEKASAN'),
(258,	35,	'KABUPATEN SUMENEP'),
(259,	35,	'KOTA KEDIRI'),
(260,	35,	'KOTA BLITAR'),
(261,	35,	'KOTA MALANG'),
(262,	35,	'KOTA PROBOLINGGO'),
(263,	35,	'KOTA PASURUAN'),
(264,	35,	'KOTA MOJOKERTO'),
(265,	35,	'KOTA MADIUN'),
(266,	35,	'KOTA SURABAYA'),
(267,	35,	'KOTA BATU'),
(268,	36,	'KABUPATEN PANDEGLANG'),
(269,	36,	'KABUPATEN LEBAK'),
(270,	36,	'KABUPATEN TANGERANG'),
(271,	36,	'KABUPATEN SERANG'),
(272,	36,	'KOTA TANGERANG'),
(273,	36,	'KOTA CILEGON'),
(274,	36,	'KOTA SERANG'),
(275,	36,	'KOTA TANGERANG SELATAN'),
(276,	51,	'KABUPATEN JEMBRANA'),
(277,	51,	'KABUPATEN TABANAN'),
(278,	51,	'KABUPATEN BADUNG'),
(279,	51,	'KABUPATEN GIANYAR'),
(280,	51,	'KABUPATEN KLUNGKUNG'),
(281,	51,	'KABUPATEN BANGLI'),
(282,	51,	'KABUPATEN KARANG ASEM'),
(283,	51,	'KABUPATEN BULELENG'),
(284,	51,	'KOTA DENPASAR'),
(285,	52,	'KABUPATEN LOMBOK BARAT'),
(286,	52,	'KABUPATEN LOMBOK TENGAH'),
(287,	52,	'KABUPATEN LOMBOK TIMUR'),
(288,	52,	'KABUPATEN SUMBAWA'),
(289,	52,	'KABUPATEN DOMPU'),
(290,	52,	'KABUPATEN BIMA'),
(291,	52,	'KABUPATEN SUMBAWA BARAT'),
(292,	52,	'KABUPATEN LOMBOK UTARA'),
(293,	52,	'KOTA MATARAM'),
(294,	52,	'KOTA BIMA'),
(295,	53,	'KABUPATEN SUMBA BARAT'),
(296,	53,	'KABUPATEN SUMBA TIMUR'),
(297,	53,	'KABUPATEN KUPANG'),
(298,	53,	'KABUPATEN TIMOR TENGAH SELATAN'),
(299,	53,	'KABUPATEN TIMOR TENGAH UTARA'),
(300,	53,	'KABUPATEN BELU'),
(301,	53,	'KABUPATEN ALOR'),
(302,	53,	'KABUPATEN LEMBATA'),
(303,	53,	'KABUPATEN FLORES TIMUR'),
(304,	53,	'KABUPATEN SIKKA'),
(305,	53,	'KABUPATEN ENDE'),
(306,	53,	'KABUPATEN NGADA'),
(307,	53,	'KABUPATEN MANGGARAI'),
(308,	53,	'KABUPATEN ROTE NDAO'),
(309,	53,	'KABUPATEN MANGGARAI BARAT'),
(310,	53,	'KABUPATEN SUMBA TENGAH'),
(311,	53,	'KABUPATEN SUMBA BARAT DAYA'),
(312,	53,	'KABUPATEN NAGEKEO'),
(313,	53,	'KABUPATEN MANGGARAI TIMUR'),
(314,	53,	'KABUPATEN SABU RAIJUA'),
(315,	53,	'KABUPATEN MALAKA'),
(316,	53,	'KOTA KUPANG'),
(317,	61,	'KABUPATEN SAMBAS'),
(318,	61,	'KABUPATEN BENGKAYANG'),
(319,	61,	'KABUPATEN LANDAK'),
(320,	61,	'KABUPATEN MEMPAWAH'),
(321,	61,	'KABUPATEN SANGGAU'),
(322,	61,	'KABUPATEN KETAPANG'),
(323,	61,	'KABUPATEN SINTANG'),
(324,	61,	'KABUPATEN KAPUAS HULU'),
(325,	61,	'KABUPATEN SEKADAU'),
(326,	61,	'KABUPATEN MELAWI'),
(327,	61,	'KABUPATEN KAYONG UTARA'),
(328,	61,	'KABUPATEN KUBU RAYA'),
(329,	61,	'KOTA PONTIANAK'),
(330,	61,	'KOTA SINGKAWANG'),
(331,	62,	'KABUPATEN KOTAWARINGIN BARAT'),
(332,	62,	'KABUPATEN KOTAWARINGIN TIMUR'),
(333,	62,	'KABUPATEN KAPUAS'),
(334,	62,	'KABUPATEN BARITO SELATAN'),
(335,	62,	'KABUPATEN BARITO UTARA'),
(336,	62,	'KABUPATEN SUKAMARA'),
(337,	62,	'KABUPATEN LAMANDAU'),
(338,	62,	'KABUPATEN SERUYAN'),
(339,	62,	'KABUPATEN KATINGAN'),
(340,	62,	'KABUPATEN PULANG PISAU'),
(341,	62,	'KABUPATEN GUNUNG MAS'),
(342,	62,	'KABUPATEN BARITO TIMUR'),
(343,	62,	'KABUPATEN MURUNG RAYA'),
(344,	62,	'KOTA PALANGKA RAYA'),
(345,	63,	'KABUPATEN TANAH LAUT'),
(346,	63,	'KABUPATEN KOTA BARU'),
(347,	63,	'KABUPATEN BANJAR'),
(348,	63,	'KABUPATEN BARITO KUALA'),
(349,	63,	'KABUPATEN TAPIN'),
(350,	63,	'KABUPATEN HULU SUNGAI SELATAN'),
(351,	63,	'KABUPATEN HULU SUNGAI TENGAH'),
(352,	63,	'KABUPATEN HULU SUNGAI UTARA'),
(353,	63,	'KABUPATEN TABALONG'),
(354,	63,	'KABUPATEN TANAH BUMBU'),
(355,	63,	'KABUPATEN BALANGAN'),
(356,	63,	'KOTA BANJARMASIN'),
(357,	63,	'KOTA BANJAR BARU'),
(358,	64,	'KABUPATEN PASER'),
(359,	64,	'KABUPATEN KUTAI BARAT'),
(360,	64,	'KABUPATEN KUTAI KARTANEGARA'),
(361,	64,	'KABUPATEN KUTAI TIMUR'),
(362,	64,	'KABUPATEN BERAU'),
(363,	64,	'KABUPATEN PENAJAM PASER UTARA'),
(364,	64,	'KABUPATEN MAHAKAM HULU'),
(365,	64,	'KOTA BALIKPAPAN'),
(366,	64,	'KOTA SAMARINDA'),
(367,	64,	'KOTA BONTANG'),
(368,	65,	'KABUPATEN MALINAU'),
(369,	65,	'KABUPATEN BULUNGAN'),
(370,	65,	'KABUPATEN TANA TIDUNG'),
(371,	65,	'KABUPATEN NUNUKAN'),
(372,	65,	'KOTA TARAKAN'),
(373,	71,	'KABUPATEN BOLAANG MONGONDOW'),
(374,	71,	'KABUPATEN MINAHASA'),
(375,	71,	'KABUPATEN KEPULAUAN SANGIHE'),
(376,	71,	'KABUPATEN KEPULAUAN TALAUD'),
(377,	71,	'KABUPATEN MINAHASA SELATAN'),
(378,	71,	'KABUPATEN MINAHASA UTARA'),
(379,	71,	'KABUPATEN BOLAANG MONGONDOW UTARA'),
(380,	71,	'KABUPATEN SIAU TAGULANDANG BIARO'),
(381,	71,	'KABUPATEN MINAHASA TENGGARA'),
(382,	71,	'KABUPATEN BOLAANG MONGONDOW SELATAN'),
(383,	71,	'KABUPATEN BOLAANG MONGONDOW TIMUR'),
(384,	71,	'KOTA MANADO'),
(385,	71,	'KOTA BITUNG'),
(386,	71,	'KOTA TOMOHON'),
(387,	71,	'KOTA KOTAMOBAGU'),
(388,	72,	'KABUPATEN BANGGAI KEPULAUAN'),
(389,	72,	'KABUPATEN BANGGAI'),
(390,	72,	'KABUPATEN MOROWALI'),
(391,	72,	'KABUPATEN POSO'),
(392,	72,	'KABUPATEN DONGGALA'),
(393,	72,	'KABUPATEN TOLI-TOLI'),
(394,	72,	'KABUPATEN BUOL'),
(395,	72,	'KABUPATEN PARIGI MOUTONG'),
(396,	72,	'KABUPATEN TOJO UNA-UNA'),
(397,	72,	'KABUPATEN SIGI'),
(398,	72,	'KABUPATEN BANGGAI LAUT'),
(399,	72,	'KABUPATEN MOROWALI UTARA'),
(400,	72,	'KOTA PALU'),
(401,	73,	'KABUPATEN KEPULAUAN SELAYAR'),
(402,	73,	'KABUPATEN BULUKUMBA'),
(403,	73,	'KABUPATEN BANTAENG'),
(404,	73,	'KABUPATEN JENEPONTO'),
(405,	73,	'KABUPATEN TAKALAR'),
(406,	73,	'KABUPATEN GOWA'),
(407,	73,	'KABUPATEN SINJAI'),
(408,	73,	'KABUPATEN MAROS'),
(409,	73,	'KABUPATEN PANGKAJENE DAN KEPULAUAN'),
(410,	73,	'KABUPATEN BARRU'),
(411,	73,	'KABUPATEN BONE'),
(412,	73,	'KABUPATEN SOPPENG'),
(413,	73,	'KABUPATEN WAJO'),
(414,	73,	'KABUPATEN SIDENRENG RAPPANG'),
(415,	73,	'KABUPATEN PINRANG'),
(416,	73,	'KABUPATEN ENREKANG'),
(417,	73,	'KABUPATEN LUWU'),
(418,	73,	'KABUPATEN TANA TORAJA'),
(419,	73,	'KABUPATEN LUWU UTARA'),
(420,	73,	'KABUPATEN LUWU TIMUR'),
(421,	73,	'KABUPATEN TORAJA UTARA'),
(422,	73,	'KOTA MAKASSAR'),
(423,	73,	'KOTA PAREPARE'),
(424,	73,	'KOTA PALOPO'),
(425,	74,	'KABUPATEN BUTON'),
(426,	74,	'KABUPATEN MUNA'),
(427,	74,	'KABUPATEN KONAWE'),
(428,	74,	'KABUPATEN KOLAKA'),
(429,	74,	'KABUPATEN KONAWE SELATAN'),
(430,	74,	'KABUPATEN BOMBANA'),
(431,	74,	'KABUPATEN WAKATOBI'),
(432,	74,	'KABUPATEN KOLAKA UTARA'),
(433,	74,	'KABUPATEN BUTON UTARA'),
(434,	74,	'KABUPATEN KONAWE UTARA'),
(435,	74,	'KABUPATEN KOLAKA TIMUR'),
(436,	74,	'KABUPATEN KONAWE KEPULAUAN'),
(437,	74,	'KABUPATEN MUNA BARAT'),
(438,	74,	'KABUPATEN BUTON TENGAH'),
(439,	74,	'KABUPATEN BUTON SELATAN'),
(440,	74,	'KOTA KENDARI'),
(441,	74,	'KOTA BAUBAU'),
(442,	75,	'KABUPATEN BOALEMO'),
(443,	75,	'KABUPATEN GORONTALO'),
(444,	75,	'KABUPATEN POHUWATO'),
(445,	75,	'KABUPATEN BONE BOLANGO'),
(446,	75,	'KABUPATEN GORONTALO UTARA'),
(447,	75,	'KOTA GORONTALO'),
(448,	76,	'KABUPATEN MAJENE'),
(449,	76,	'KABUPATEN POLEWALI MANDAR'),
(450,	76,	'KABUPATEN MAMASA'),
(451,	76,	'KABUPATEN MAMUJU'),
(452,	76,	'KABUPATEN MAMUJU UTARA'),
(453,	76,	'KABUPATEN MAMUJU TENGAH'),
(454,	81,	'KABUPATEN MALUKU TENGGARA BARAT'),
(455,	81,	'KABUPATEN MALUKU TENGGARA'),
(456,	81,	'KABUPATEN MALUKU TENGAH'),
(457,	81,	'KABUPATEN BURU'),
(458,	81,	'KABUPATEN KEPULAUAN ARU'),
(459,	81,	'KABUPATEN SERAM BAGIAN BARAT'),
(460,	81,	'KABUPATEN SERAM BAGIAN TIMUR'),
(461,	81,	'KABUPATEN MALUKU BARAT DAYA'),
(462,	81,	'KABUPATEN BURU SELATAN'),
(463,	81,	'KOTA AMBON'),
(464,	81,	'KOTA TUAL'),
(465,	82,	'KABUPATEN HALMAHERA BARAT'),
(466,	82,	'KABUPATEN HALMAHERA TENGAH'),
(467,	82,	'KABUPATEN KEPULAUAN SULA'),
(468,	82,	'KABUPATEN HALMAHERA SELATAN'),
(469,	82,	'KABUPATEN HALMAHERA UTARA'),
(470,	82,	'KABUPATEN HALMAHERA TIMUR'),
(471,	82,	'KABUPATEN PULAU MOROTAI'),
(472,	82,	'KABUPATEN PULAU TALIABU'),
(473,	82,	'KOTA TERNATE'),
(474,	82,	'KOTA TIDORE KEPULAUAN'),
(475,	91,	'KABUPATEN FAKFAK'),
(476,	91,	'KABUPATEN KAIMANA'),
(477,	91,	'KABUPATEN TELUK WONDAMA'),
(478,	91,	'KABUPATEN TELUK BINTUNI'),
(479,	91,	'KABUPATEN MANOKWARI'),
(480,	91,	'KABUPATEN SORONG SELATAN'),
(481,	91,	'KABUPATEN SORONG'),
(482,	91,	'KABUPATEN RAJA AMPAT'),
(483,	91,	'KABUPATEN TAMBRAUW'),
(484,	91,	'KABUPATEN MAYBRAT'),
(485,	91,	'KABUPATEN MANOKWARI SELATAN'),
(486,	91,	'KABUPATEN PEGUNUNGAN ARFAK'),
(487,	91,	'KOTA SORONG'),
(488,	94,	'KABUPATEN MERAUKE'),
(489,	94,	'KABUPATEN JAYAWIJAYA'),
(490,	94,	'KABUPATEN JAYAPURA'),
(491,	94,	'KABUPATEN NABIRE'),
(492,	94,	'KABUPATEN KEPULAUAN YAPEN'),
(493,	94,	'KABUPATEN BIAK NUMFOR'),
(494,	94,	'KABUPATEN PANIAI'),
(495,	94,	'KABUPATEN PUNCAK JAYA'),
(496,	94,	'KABUPATEN MIMIKA'),
(497,	94,	'KABUPATEN BOVEN DIGOEL'),
(498,	94,	'KABUPATEN MAPPI'),
(499,	94,	'KABUPATEN ASMAT'),
(500,	94,	'KABUPATEN YAHUKIMO'),
(501,	94,	'KABUPATEN PEGUNUNGAN BINTANG'),
(502,	94,	'KABUPATEN TOLIKARA'),
(503,	94,	'KABUPATEN SARMI'),
(504,	94,	'KABUPATEN KEEROM'),
(505,	94,	'KABUPATEN WAROPEN'),
(506,	94,	'KABUPATEN SUPIORI'),
(507,	94,	'KABUPATEN MAMBERAMO RAYA'),
(508,	94,	'KABUPATEN NDUGA'),
(509,	94,	'KABUPATEN LANNY JAYA'),
(510,	94,	'KABUPATEN MAMBERAMO TENGAH'),
(511,	94,	'KABUPATEN YALIMO'),
(512,	94,	'KABUPATEN PUNCAK'),
(513,	94,	'KABUPATEN DOGIYAI'),
(514,	94,	'KABUPATEN INTAN JAYA'),
(515,	94,	'KABUPATEN DEIYAI'),
(516,	94,	'KOTA JAYAPURA');

DROP TABLE IF EXISTS `tb_pengguna`;
CREATE TABLE `tb_pengguna` (
  `id` int(11) NOT NULL AUTO_INCREMENT,
  `username` varchar(20) NOT NULL,
  `password` varchar(50) NOT NULL,
  `email` varchar(50) NOT NULL,
  `nohp` varchar(15) NOT NULL,
  `level` varchar(20) NOT NULL,
  `status` enum('Aktif','Tidak Aktif') NOT NULL DEFAULT 'Tidak Aktif',
  PRIMARY KEY (`id`)
) ENGINE=InnoDB DEFAULT CHARSET=latin1;

INSERT INTO `tb_pengguna` (`id`, `username`, `password`, `email`, `nohp`, `level`, `status`) VALUES
(1,	'admin',	'admin',	'admin',	'admin',	'Admin',	'Aktif'),
(3,	'mandan',	'qwe123',	'egodasa@gmail.com',	'12345',	'Member',	'Aktif'),
(12,	'direktur',	'12345',	'direktur@gmail.com',	'082312345678',	'Direktur',	'Aktif'),
(13,	'Jus',	'jus',	'',	'085274650718',	'Member',	'Aktif'),
(15,	'martono',	'martono',	'',	'085363891150',	'Member',	'Tidak Aktif'),
(16,	'miswardi',	'miswardi',	'',	'081363299939',	'Member',	'Tidak Aktif'),
(17,	'fauzi',	'fauzi',	'',	'081267446806',	'Member',	'Tidak Aktif'),
(18,	'tasniwati',	'tasniwati',	'',	'082374757055',	'Member',	'Tidak Aktif'),
(19,	'asna',	'asna',	'',	'085274650718',	'Member',	'Tidak Aktif'),
(20,	'ermayulis',	'ermayulis',	'',	'081266825257',	'Member',	'Tidak Aktif'),
(21,	'husmal',	'husmal',	'',	'08126710572',	'Member',	'Tidak Aktif'),
(22,	'tarman',	'tarman',	'',	'08126729539',	'Member',	'Tidak Aktif'),
(23,	'asma',	'asma',	'',	'',	'Member',	'Tidak Aktif'),
(24,	'arnida',	'arnida',	'',	'081363435421',	'Member',	'Tidak Aktif'),
(25,	'rosni',	'rosni',	'',	'081267462423',	'Member',	'Tidak Aktif'),
(27,	'imas',	'imas',	'',	'',	'Member',	'Tidak Aktif'),
(28,	'sri',	'sri',	'',	'',	'Member',	'Tidak Aktif'),
(29,	'rahmi',	'rahmi',	'rahmi.p2@gmail.com',	'082392212599',	'Member',	'Aktif'),
(31,	'fani',	'fani',	'fanindita19@gmail.com',	'09267723',	'Member',	'Tidak Aktif'),
(32,	'rahmat',	'rahmat',	'ti@pnp.ac.id',	'082392212599',	'Member',	'Tidak Aktif'),
(33,	'cipto',	'cipto',	'irma.prabowo2006@gmail.com',	'12345678',	'Member',	'Aktif');

DROP TABLE IF EXISTS `tb_peserta`;
CREATE TABLE `tb_peserta` (
  `id` int(11) NOT NULL AUTO_INCREMENT,
  `tgl_daftar` date DEFAULT NULL,
  `nama_lengkap` varchar(100) NOT NULL,
  `nama_panggilan` varchar(50) NOT NULL,
  `jenis_kelamin` varchar(20) NOT NULL,
  `id_pengguna` int(11) NOT NULL,
  `no_identitas` varchar(20) NOT NULL,
  `tempat_lahir` varchar(255) DEFAULT NULL,
  `tgl_lahir` date NOT NULL,
  `alamat` varchar(255) NOT NULL,
  `kel` varchar(100) NOT NULL,
  `tlp_rumah` varchar(20) NOT NULL,
  `tlp_kantor` varchar(20) NOT NULL,
  `nohp` varchar(20) NOT NULL,
  `email` varchar(50) NOT NULL,
  `warga_negara` varchar(50) NOT NULL,
  `pekerjaan` varchar(50) NOT NULL,
  `ukuran_baju` varchar(20) NOT NULL,
  `nama_ahliwaris` varchar(50) NOT NULL,
  `hubungan_ahliwaris` varchar(50) NOT NULL,
  `jk_ahliwaris` varchar(20) NOT NULL,
  `kode_pos` varchar(20) NOT NULL,
  `rt` varchar(10) NOT NULL,
  `rw` varchar(10) NOT NULL,
  PRIMARY KEY (`id`),
  KEY `id_pengguna` (`id_pengguna`),
  CONSTRAINT `tb_peserta_ibfk_1` FOREIGN KEY (`id_pengguna`) REFERENCES `tb_pengguna` (`id`) ON DELETE CASCADE ON UPDATE CASCADE
) ENGINE=InnoDB DEFAULT CHARSET=latin1;

INSERT INTO `tb_peserta` (`id`, `tgl_daftar`, `nama_lengkap`, `nama_panggilan`, `jenis_kelamin`, `id_pengguna`, `no_identitas`, `tempat_lahir`, `tgl_lahir`, `alamat`, `kel`, `tlp_rumah`, `tlp_kantor`, `nohp`, `email`, `warga_negara`, `pekerjaan`, `ukuran_baju`, `nama_ahliwaris`, `hubungan_ahliwaris`, `jk_ahliwaris`, `kode_pos`, `rt`, `rw`) VALUES
(16,	'2016-05-17',	'Jusmaiyar',	'Jus',	'Perempuan',	13,	'1375016007530001',	'KOTA BUKITTINGGI',	'1953-07-20',	'JL Lapan Batu Bukit Apit',	'',	'',	'',	'085274650718',	'',	'Indonesia',	'Pedagang',	'',	'Rosi Hardifnas',	'Anak Kandung',	'Perempuan',	'',	'02',	'03'),
(19,	'2016-03-28',	'Martono',	'Tono',	'Laki-laki',	15,	'1375021203630005',	'KABUPATEN SRAGEN',	'1963-03-12',	'JL Rajang Jorong Aro Kandikir',	'Gaduik',	'',	'',	'085363891150',	'',	'Indonesia',	'Pedagang',	'XL',	'Anisa Wulan Ramadhani',	'Anak Kandung',	'Perempuan',	'',	'',	''),
(20,	'2016-05-07',	'Miswardi',	'Mis',	'Perempuan',	16,	'1306087112560003',	'KOTA BUKITTINGGI',	'1956-12-31',	'Koto Malintang Jorong Baso',	'Tabek Pjg',	'',	'',	'081363299939',	'',	'Indonesia',	'IRT',	'',	'Nidia Utari',	'Anak Kandung',	'Perempuan',	'',	'',	''),
(21,	'2016-05-27',	'Fauzi',	'Fauzi',	'Laki-laki',	17,	'1306080409540801',	'KOTA BUKITTINGGI',	'1954-09-04',	'Koto Malintang Jorong Baso',	'Tabek Pjg',	'',	'',	'081267446806',	'',	'Indonesia',	'Pedagang',	'L',	'Suci Fatihah',	'Anak Kandung',	'Perempuan',	'',	'',	''),
(22,	'2016-05-26',	'Tasniwati',	'Wati',	'Perempuan',	18,	'1501015103590001',	'90',	'1959-03-11',	'Lempur Tengah',	'Lempur Tengah',	'',	'',	'082374757055',	'',	'Indonesia',	'Petani',	'',	'Selvia Restiga',	'Anak Kandung',	'Perempuan',	'',	'',	''),
(23,	'2016-05-17',	'Asna',	'Asna',	'Perempuan',	19,	'1304037112430031',	'KOTA BUKITTINGGI',	'1943-12-31',	'Jorong Pasir Jaya Nagari III Koto',	'',	'',	'',	'085274650718',	'',	'Indonesia',	'IRT',	'',	'Maryati',	'Anak Kandung',	'Perempuan',	'',	'',	''),
(24,	'2016-05-19',	'Ermayulis',	'Ema',	'Perempuan',	20,	'1306144510580002',	'KOTA BUKITTINGGI',	'1958-10-05',	'Ganangan Jorong 100 Janjang',	'Canduang',	'',	'',	'081266825257',	'',	'Indonesia',	'IRT',	'',	'Marini',	'Anak Kandung',	'Perempuan',	'',	'',	''),
(25,	'2016-05-19',	'Husmal',	'Gindo Tanamih',	'Laki-laki',	21,	'1306140101520006',	'KOTA BUKITTINGGI',	'1952-01-01',	'Ganangan Jorong 100 Janjang',	'Canduang Koto Laweh',	'',	'',	'08126710572',	'',	'Indonesia',	'Wiraswasta',	'XL',	'Lukman',	'Anak Kandung',	'Laki-laki',	'',	'',	''),
(26,	'2016-05-16',	'Tarman Ranjoe',	'Tarman',	'Laki-laki',	22,	'1375011611630001',	'KOTA PEMATANG SIANTAR',	'1963-11-16',	'Jl Lingkar Bukit Pauh ',	'Puhun Tembok',	'',	'',	'08126729539',	'',	'Indonesia',	'Karyawan Swasta',	'L',	'ElfaJeita',	'Istri',	'Perempuan',	'',	'01',	'06'),
(27,	'2016-05-12',	'Asma Syarif',	'Ma',	'Perempuan',	23,	'1306074707340001',	'KOTA BUKITTINGGI',	'1934-07-07',	'Kapalo Koto Ampang Gadang',	'Ampang Gadang',	'',	'',	'',	'',	'Indonesia',	'Pensiunan',	'',	'Jon Ulia',	'Anak Kandung',	'Laki-laki',	'',	'',	''),
(28,	'2016-05-02',	'Arnida Yarni',	'AR',	'Perempuan',	24,	'1304025604690003',	'KABUPATEN TANAH DATAR',	'1969-04-16',	'Jorong Batang Gading',	'Batipuah',	'',	'',	'081363435421',	'',	'Indonesia',	'PNS',	'',	'Arnedi Yarmen',	'Adik Kandung',	'Laki-laki',	'',	'',	''),
(29,	'2016-05-12',	'Rosni',	'Ros',	'Perempuan',	25,	'1306074310420001',	'KOTA BUKITTINGGI',	'1942-10-03',	'Tangah Jorong Ampang Gadang',	'Ampang Gadang',	'',	'',	'081267462423',	'',	'Indonesia',	'IRT',	'',	'Rajiman',	'Suami',	'Laki-laki',	'',	'',	''),
(30,	NULL,	'Imas Kurniati',	'Imas',	'Perempuan',	27,	'C2298579',	'KABUPATEN BANDUNG',	'1975-10-25',	'Bekasi',	'',	'',	'',	'',	'',	'Indonesia',	'',	'',	'Gifta Alifa Annurullah',	'Anak Kandung',	'Perempuan',	'',	'',	''),
(31,	NULL,	'Suratno Marmoyo',	'Suratno',	'Laki-laki',	27,	'C2804873',	'KABUPATEN BANDUNG',	'1970-05-11',	'Bekasi',	'',	'',	'',	'',	'',	'Indonesia',	'',	'',	'Imas Kurniati',	'Istri',	'Perempuan',	'',	'',	''),
(32,	NULL,	'Gifta Alifa Annurullah',	'Gifta',	'Perempuan',	27,	'C2804855',	'KABUPATEN BANDUNG',	'2000-04-19',	'Bekasi',	'',	'',	'',	'',	'',	'Indonesia',	'',	'',	'Suratno Marmoyo',	'Ayah Kandung',	'Laki-laki',	'',	'',	''),
(33,	NULL,	'Imas Kurniati',	'Imas',	'Perempuan',	27,	'C2298579',	'KABUPATEN BANDUNG',	'1975-10-25',	'Bekasi',	'',	'',	'',	'',	'',	'Indonesia',	'',	'',	'Gifta Alifa Annurullah',	'Anak Kandung',	'Perempuan',	'',	'',	''),
(34,	NULL,	'Suratno Marmoyo',	'Suratno',	'Laki-laki',	27,	'C2804873',	'KABUPATEN BANDUNG',	'1970-05-11',	'Bekasi',	'',	'',	'',	'',	'',	'Indonesia',	'',	'',	'Imas Kurniati',	'Istri',	'Perempuan',	'',	'',	''),
(35,	NULL,	'Gifta Alifa Annurullah',	'Gifta',	'Perempuan',	27,	'C2804855',	'KABUPATEN BANDUNG',	'2000-04-19',	'Bekasi',	'',	'',	'',	'',	'',	'Indonesia',	'',	'',	'Suratno Marmoyo',	'Ayah Kandung',	'Laki-laki',	'',	'',	''),
(36,	NULL,	'Habib Husain Al Idrus',	'Habib',	'Laki-laki',	27,	'C2804879',	'KABUPATEN BEKASI',	'2004-03-04',	'Bekasi',	'',	'',	'',	'',	'',	'Indonesia',	'',	'',	'Suratno Marmoyo',	'Ayah Kandung',	'Laki-laki',	'',	'',	''),
(37,	NULL,	'Princes Alima Annurullah',	'Alima',	'Perempuan',	27,	'C2804876',	'KABUPATEN BANDUNG',	'2006-10-18',	'Bekasi',	'',	'',	'',	'',	'',	'Indonesia',	'',	'',	'Suratno Marmoyo',	'Ayah Kandung',	'Laki-laki',	'',	'',	''),
(38,	NULL,	'Erdalena Mat Lazim',	'Lena',	'Perempuan',	27,	'X436681',	'KABUPATEN LAMPUNG BARAT',	'1971-06-21',	'Jakarta Selatan',	'',	'',	'',	'',	'',	'Indonesia',	'',	'',	'Feryl Success Obama',	'Anak Kandung',	'Laki-laki',	'',	'',	''),
(39,	NULL,	'Feryl Succes Obama',	'Feryl',	'Laki-laki',	27,	'C0739681',	'KOTA JAKARTA SELATAN',	'2012-09-24',	'Jakarta Selatan',	'',	'',	'',	'',	'',	'Indonesia',	'',	'',	'Erdalena Mat Lazim',	'Ibu Kandung',	'Perempuan',	'',	'',	''),
(40,	NULL,	'Adhell Hary Akim',	'Adhell',	'Perempuan',	27,	'X197532',	'KOTA MANADO',	'1983-12-23',	'Jakarta Pusat',	'',	'',	'',	'',	'',	'Indonesia',	'',	'',	'Erdalena Mat Lazim',	'Kakak Kandung',	'Perempuan',	'',	'',	''),
(41,	NULL,	'Hartiningsih',	'ningsih',	'Perempuan',	27,	'C2804877',	'KOTA JAKARTA PUSAT',	'1977-05-03',	'Bekasi',	'',	'',	'',	'',	'',	'Indonesia',	'',	'',	'Wahyudi Widodo',	'Suami',	'Laki-laki',	'',	'',	''),
(42,	NULL,	'Wahyudi Widodo',	'Wahyudi',	'Laki-laki',	27,	'C2804875',	'KABUPATEN BANYUMAS',	'1969-05-13',	'Bekasi',	'',	'',	'',	'',	'',	'Indonesia',	'',	'',	'Hartiningsih',	'Istri',	'Perempuan',	'',	'',	''),
(43,	NULL,	'rahmi putri',	'rahmi',	'Perempuan',	29,	'1234567',	'KABUPATEN PADANG PARIAMAN',	'1998-03-30',	'Penggambiran',	'',	'',	'',	'082392212599',	'rahmi.p2@gmail.com',	'Indonesia',	'mahasiswa',	'm',	'Fanindita Putri',	'Kakak Kandung',	'Perempuan',	'',	'',	''),
(44,	NULL,	'Dsa',	'D',	'Laki-laki',	33,	'1234',	'KOTA PEKALONGAN',	'1900-01-20',	'Ggh',	'Ygg',	'23323',	'77733',	'7777hhhh',	'cipto@pnp.ac.id',	'Wni',	'Jhhh',	'27',	'Hhg',	'Hhg',	'Laki-laki',	'25144',	'1',	'2'),
(45,	NULL,	'Eum hic aliquip quod',	'Consequatur Dolore ',	'Perempuan',	28,	'Dolor est dolor dol',	'percobaan',	'0000-00-00',	'Nisi nihil mollitia ',	'Enim eum aliquid obc',	'Est sit autem impedi',	'Magna eligendi elige',	'Omnis elit suscipit',	'wujof@mailinator.com',	'WNA',	'Nisi porro pariatur',	'L',	'Eligendi ratione eum',	'Suami',	'Perempuan',	'Praesentium et labor',	'Consectetu',	'Et sit qui');

DROP TABLE IF EXISTS `tb_peserta_keberangkatan`;
CREATE TABLE `tb_peserta_keberangkatan` (
  `id` int(11) NOT NULL AUTO_INCREMENT,
  `id_peserta_transaksi` int(11) NOT NULL,
  `id_keberangkatan` int(11) NOT NULL,
  PRIMARY KEY (`id`),
  KEY `no_registrasi` (`id_peserta_transaksi`),
  KEY `id_jadwal` (`id_keberangkatan`),
  CONSTRAINT `tb_peserta_keberangkatan_ibfk_4` FOREIGN KEY (`id_peserta_transaksi`) REFERENCES `tb_peserta_transaksi` (`id`) ON DELETE CASCADE ON UPDATE CASCADE,
  CONSTRAINT `tb_peserta_keberangkatan_ibfk_5` FOREIGN KEY (`id_keberangkatan`) REFERENCES `tb_keberangkatan` (`id`) ON DELETE CASCADE ON UPDATE CASCADE
) ENGINE=InnoDB DEFAULT CHARSET=latin1;

INSERT INTO `tb_peserta_keberangkatan` (`id`, `id_peserta_transaksi`, `id_keberangkatan`) VALUES
(2,	19,	5),
(3,	20,	5),
(4,	21,	5),
(5,	22,	5),
(6,	23,	5),
(7,	24,	5),
(8,	25,	5),
(9,	26,	5),
(10,	27,	5),
(11,	28,	5),
(12,	29,	5),
(13,	34,	6),
(14,	35,	6),
(15,	36,	6),
(16,	37,	6),
(17,	38,	6),
(18,	39,	6),
(19,	40,	6),
(20,	41,	6),
(21,	42,	6),
(22,	43,	6);

DROP TABLE IF EXISTS `tb_peserta_transaksi`;
CREATE TABLE `tb_peserta_transaksi` (
  `id` int(11) NOT NULL AUTO_INCREMENT,
  `id_peserta` int(11) NOT NULL,
  `id_transaksi` int(11) NOT NULL,
  `status` varchar(50) DEFAULT NULL,
  `keterangan` varchar(50) DEFAULT NULL,
  PRIMARY KEY (`id`)
) ENGINE=InnoDB DEFAULT CHARSET=latin1;

INSERT INTO `tb_peserta_transaksi` (`id`, `id_peserta`, `id_transaksi`, `status`, `keterangan`) VALUES
(9,	14,	16,	'',	''),
(10,	15,	16,	'',	''),
(11,	0,	18,	'',	''),
(12,	16,	18,	'',	''),
(13,	15,	17,	'',	''),
(14,	0,	19,	'',	''),
(15,	0,	19,	'',	''),
(16,	16,	19,	'',	''),
(17,	0,	17,	'',	''),
(18,	17,	17,	'',	''),
(19,	19,	26,	'',	''),
(20,	20,	27,	'',	''),
(21,	21,	28,	'',	''),
(22,	22,	29,	'',	''),
(23,	23,	30,	'',	''),
(24,	24,	31,	'',	''),
(25,	25,	32,	'',	''),
(26,	26,	33,	'',	''),
(27,	27,	34,	'',	''),
(28,	28,	35,	'',	''),
(29,	29,	36,	'',	''),
(30,	30,	37,	'',	''),
(31,	31,	37,	'',	''),
(32,	0,	37,	'',	''),
(33,	32,	37,	'',	''),
(34,	33,	38,	'',	''),
(35,	34,	38,	'',	''),
(36,	35,	38,	'',	''),
(37,	36,	38,	'',	''),
(38,	37,	38,	'',	''),
(39,	38,	38,	'',	''),
(40,	39,	38,	'',	''),
(41,	40,	38,	'',	''),
(42,	41,	38,	'',	''),
(43,	42,	38,	'',	''),
(44,	43,	41,	'',	''),
(45,	44,	43,	'',	'Sddd');

DROP TABLE IF EXISTS `tb_program`;
CREATE TABLE `tb_program` (
  `id` int(11) NOT NULL AUTO_INCREMENT,
  `nama_program` varchar(50) NOT NULL,
  PRIMARY KEY (`id`)
) ENGINE=InnoDB DEFAULT CHARSET=latin1;

INSERT INTO `tb_program` (`id`, `nama_program`) VALUES
(8,	'Haji'),
(9,	'Umroh'),
(10,	'Wisata Muslim');

DROP TABLE IF EXISTS `tb_provinsi`;
CREATE TABLE `tb_provinsi` (
  `id` int(11) NOT NULL,
  `nm_provinsi` varchar(255) COLLATE utf8_unicode_ci NOT NULL,
  PRIMARY KEY (`id`)
) ENGINE=InnoDB DEFAULT CHARSET=utf8 COLLATE=utf8_unicode_ci;

INSERT INTO `tb_provinsi` (`id`, `nm_provinsi`) VALUES
(11,	'ACEH'),
(12,	'SUMATERA UTARA'),
(13,	'SUMATERA BARAT'),
(14,	'RIAU'),
(15,	'JAMBI'),
(16,	'SUMATERA SELATAN'),
(17,	'BENGKULU'),
(18,	'LAMPUNG'),
(19,	'KEPULAUAN BANGKA BELITUNG'),
(21,	'KEPULAUAN RIAU'),
(31,	'DKI JAKARTA'),
(32,	'JAWA BARAT'),
(33,	'JAWA TENGAH'),
(34,	'DI YOGYAKARTA'),
(35,	'JAWA TIMUR'),
(36,	'BANTEN'),
(51,	'BALI'),
(52,	'NUSA TENGGARA BARAT'),
(53,	'NUSA TENGGARA TIMUR'),
(61,	'KALIMANTAN BARAT'),
(62,	'KALIMANTAN TENGAH'),
(63,	'KALIMANTAN SELATAN'),
(64,	'KALIMANTAN TIMUR'),
(65,	'KALIMANTAN UTARA'),
(71,	'SULAWESI UTARA'),
(72,	'SULAWESI TENGAH'),
(73,	'SULAWESI SELATAN'),
(74,	'SULAWESI TENGGARA'),
(75,	'GORONTALO'),
(76,	'SULAWESI BARAT'),
(81,	'MALUKU'),
(82,	'MALUKU UTARA'),
(91,	'PAPUA BARAT'),
(94,	'PAPUA');

DROP TABLE IF EXISTS `tb_transaksi`;
CREATE TABLE `tb_transaksi` (
  `id` int(11) NOT NULL AUTO_INCREMENT,
  `id_jenis` int(11) NOT NULL,
  `dp` int(11) NOT NULL,
  `status` enum('Aktif','Dibatalkan') NOT NULL DEFAULT 'Aktif',
  `id_pengguna` int(11) NOT NULL,
  PRIMARY KEY (`id`),
  KEY `id_jenis` (`id_jenis`),
  KEY `id_pengguna` (`id_pengguna`),
  CONSTRAINT `tb_transaksi_ibfk_1` FOREIGN KEY (`id_jenis`) REFERENCES `tb_jenis_program` (`id`) ON DELETE CASCADE ON UPDATE CASCADE,
  CONSTRAINT `tb_transaksi_ibfk_2` FOREIGN KEY (`id_pengguna`) REFERENCES `tb_pengguna` (`id`) ON DELETE CASCADE ON UPDATE CASCADE
) ENGINE=InnoDB DEFAULT CHARSET=latin1;

INSERT INTO `tb_transaksi` (`id`, `id_jenis`, `dp`, `status`, `id_pengguna`) VALUES
(19,	7,	5000000,	'Aktif',	13),
(26,	7,	5000000,	'Aktif',	15),
(27,	7,	5000000,	'Aktif',	16),
(28,	7,	5000000,	'Aktif',	17),
(29,	7,	5000000,	'Aktif',	18),
(30,	7,	5000000,	'Aktif',	19),
(31,	7,	5000000,	'Aktif',	20),
(32,	7,	5000000,	'Aktif',	21),
(33,	7,	5000000,	'Aktif',	22),
(34,	7,	5000000,	'Aktif',	23),
(35,	7,	5000000,	'Aktif',	24),
(36,	7,	5000000,	'Aktif',	25),
(38,	11,	3000000,	'Aktif',	27),
(39,	8,	5000000,	'Aktif',	29),
(40,	7,	5000000,	'Aktif',	29),
(41,	9,	2000000,	'Aktif',	29),
(42,	8,	5000000,	'Aktif',	33),
(43,	4,	10000000,	'Aktif',	33),
(44,	4,	10000000,	'Aktif',	1);

DROP TABLE IF EXISTS `angsuran_sudah_dibayar`;
CREATE ALGORITHM=UNDEFINED SQL SECURITY DEFINER VIEW `angsuran_sudah_dibayar` AS select `tb_angsuran`.`id_transaksi` AS `id_transaksi`,sum(`tb_angsuran`.`juml_bayar`) AS `sudah_dibayar` from `tb_angsuran` group by `tb_angsuran`.`id_transaksi`;

DROP TABLE IF EXISTS `banyak_peserta_transaksi`;
CREATE ALGORITHM=UNDEFINED SQL SECURITY DEFINER VIEW `banyak_peserta_transaksi` AS select `tb_peserta_transaksi`.`id_transaksi` AS `id_transaksi`,ifnull(count(`tb_peserta_transaksi`.`id`),0) AS `banyak_peserta` from `tb_peserta_transaksi` group by `tb_peserta_transaksi`.`id_transaksi`;

DROP TABLE IF EXISTS `data_angsuran`;
CREATE ALGORITHM=UNDEFINED SQL SECURITY DEFINER VIEW `data_angsuran` AS select `tb_transaksi`.`id_jenis` AS `id_jenis`,`tb_transaksi`.`dp` AS `dp`,`tb_transaksi`.`status` AS `status`,`tb_transaksi`.`id_pengguna` AS `id_pengguna`,`tb_pengguna`.`username` AS `username`,`tb_pengguna`.`email` AS `email`,`tb_pengguna`.`nohp` AS `nohp`,`tb_angsuran`.`tgl_bayar` AS `tgl_bayar`,`tb_angsuran`.`juml_bayar` AS `juml_bayar`,`tb_angsuran`.`id_transaksi` AS `id_transaksi`,`tb_angsuran`.`jenis_pembayaran` AS `jenis_pembayaran`,`tb_angsuran`.`keterangan` AS `keterangan`,`tb_angsuran`.`id` AS `id` from ((`tb_transaksi` join `tb_pengguna` on((`tb_transaksi`.`id_pengguna` = `tb_pengguna`.`id`))) join `tb_angsuran` on((`tb_angsuran`.`id_transaksi` = `tb_transaksi`.`id`)));

DROP TABLE IF EXISTS `data_jenis_program`;
CREATE ALGORITHM=UNDEFINED SQL SECURITY DEFINER VIEW `data_jenis_program` AS select concat(`tb_program`.`nama_program`,' ',`tb_jenis_program`.`nm_jenis`) AS `nama_program`,`tb_jenis_program`.`kuota` AS `kuota`,`tb_jenis_program`.`id` AS `id`,`tb_jenis_program`.`id_program` AS `id_program`,`tb_jenis_program`.`harga` AS `harga`,`tb_jenis_program`.`nm_jenis` AS `nm_jenis`,`tb_jenis_program`.`dp` AS `dp` from (`tb_program` join `tb_jenis_program` on((`tb_jenis_program`.`id_program` = `tb_program`.`id`)));

DROP TABLE IF EXISTS `data_keberangkatan`;
CREATE ALGORITHM=UNDEFINED SQL SECURITY DEFINER VIEW `data_keberangkatan` AS select `tb_keberangkatan`.`id` AS `id`,`tb_keberangkatan`.`tgl_berangkat` AS `tgl_berangkat`,`tb_keberangkatan`.`nama_maskapai` AS `nama_maskapai`,`tb_keberangkatan`.`id_jenis` AS `id_jenis`,`tb_keberangkatan`.`status` AS `status`,`tb_keberangkatan`.`keterangan` AS `keterangan`,`tb_program`.`nama_program` AS `nama_program`,`tb_jenis_program`.`nm_jenis` AS `nm_jenis`,`tb_jenis_program`.`id_program` AS `id_program`,`tb_keberangkatan`.`kuota` AS `kuota`,ifnull(count(`tb_peserta_keberangkatan`.`id`),0) AS `kuota_terpakai` from (((`tb_keberangkatan` join `tb_jenis_program` on((`tb_keberangkatan`.`id_jenis` = `tb_jenis_program`.`id`))) join `tb_program` on((`tb_jenis_program`.`id_program` = `tb_program`.`id`))) left join `tb_peserta_keberangkatan` on((`tb_keberangkatan`.`id` = `tb_peserta_keberangkatan`.`id_keberangkatan`))) group by `tb_keberangkatan`.`id`;

DROP TABLE IF EXISTS `data_peserta`;
CREATE ALGORITHM=UNDEFINED SQL SECURITY DEFINER VIEW `data_peserta` AS select `tb_peserta`.`nama_lengkap` AS `nama_lengkap`,`tb_peserta`.`nama_panggilan` AS `nama_panggilan`,`tb_peserta`.`jenis_kelamin` AS `jenis_kelamin`,`tb_peserta`.`id_pengguna` AS `id_pengguna`,`tb_peserta`.`no_identitas` AS `no_identitas`,`tb_peserta`.`tempat_lahir` AS `tempat_lahir`,`tb_peserta`.`tgl_lahir` AS `tgl_lahir`,`tb_peserta`.`alamat` AS `alamat`,`tb_peserta`.`kel` AS `kel`,`tb_peserta`.`tlp_rumah` AS `tlp_rumah`,`tb_peserta`.`tlp_kantor` AS `tlp_kantor`,`tb_peserta`.`nohp` AS `nohp`,`tb_peserta`.`email` AS `email`,`tb_peserta`.`warga_negara` AS `warga_negara`,`tb_peserta`.`pekerjaan` AS `pekerjaan`,`tb_peserta`.`ukuran_baju` AS `ukuran_baju`,`tb_peserta`.`nama_ahliwaris` AS `nama_ahliwaris`,`tb_peserta`.`hubungan_ahliwaris` AS `hubungan_ahliwaris`,`tb_peserta`.`jk_ahliwaris` AS `jk_ahliwaris`,`tb_peserta`.`kode_pos` AS `kode_pos`,`tb_peserta`.`rt` AS `rt`,`tb_peserta`.`rw` AS `rw`,`tb_peserta`.`tempat_lahir` AS `nm_kota`,`tb_peserta`.`id` AS `id` from `tb_peserta`;

DROP TABLE IF EXISTS `data_peserta_keberangkatan`;
CREATE ALGORITHM=UNDEFINED SQL SECURITY DEFINER VIEW `data_peserta_keberangkatan` AS select `tb_peserta_keberangkatan`.`id` AS `id`,`data_peserta`.`nama_lengkap` AS `nama_lengkap`,`data_peserta`.`nama_panggilan` AS `nama_panggilan`,`data_peserta`.`jenis_kelamin` AS `jenis_kelamin`,`data_peserta`.`no_identitas` AS `no_identitas`,`data_peserta`.`tgl_lahir` AS `tgl_lahir`,`data_peserta`.`alamat` AS `alamat`,`data_peserta`.`kel` AS `kel`,`data_peserta`.`tlp_rumah` AS `tlp_rumah`,`data_peserta`.`tlp_kantor` AS `tlp_kantor`,`data_peserta`.`nohp` AS `nohp`,`data_peserta`.`email` AS `email`,`data_peserta`.`warga_negara` AS `warga_negara`,`data_peserta`.`pekerjaan` AS `pekerjaan`,`data_peserta`.`ukuran_baju` AS `ukuran_baju`,`data_peserta`.`nama_ahliwaris` AS `nama_ahliwaris`,`data_peserta`.`hubungan_ahliwaris` AS `hubungan_ahliwaris`,`data_peserta`.`jk_ahliwaris` AS `jk_ahliwaris`,`data_peserta`.`kode_pos` AS `kode_pos`,`data_peserta`.`rt` AS `rt`,`data_peserta`.`rw` AS `rw`,`data_peserta`.`tempat_lahir` AS `nm_kota`,`tb_peserta_keberangkatan`.`id_keberangkatan` AS `id_keberangkatan`,`tb_peserta_keberangkatan`.`id_peserta_transaksi` AS `id_peserta_transaksi`,`data_transaksi`.`id_program` AS `id_program`,`data_transaksi`.`nama_program` AS `nama_program`,`data_transaksi`.`id_jenis` AS `id_jenis`,`data_transaksi`.`nm_jenis` AS `nm_jenis`,`tb_peserta_transaksi`.`id_transaksi` AS `id_transaksi`,`tb_keberangkatan`.`tgl_berangkat` AS `tgl_berangkat`,`tb_keberangkatan`.`nama_maskapai` AS `nama_maskapai`,`tb_keberangkatan`.`status` AS `status`,`tb_keberangkatan`.`keterangan` AS `keterangan` from ((((`tb_peserta_keberangkatan` join `tb_peserta_transaksi` on((`tb_peserta_keberangkatan`.`id_peserta_transaksi` = `tb_peserta_transaksi`.`id`))) join `data_peserta` on((`data_peserta`.`id` = `tb_peserta_transaksi`.`id_peserta`))) join `data_transaksi` on((`data_transaksi`.`id` = `tb_peserta_transaksi`.`id_transaksi`))) join `tb_keberangkatan` on((`tb_peserta_keberangkatan`.`id_keberangkatan` = `tb_keberangkatan`.`id`)));

DROP TABLE IF EXISTS `data_peserta_transaksi`;
CREATE ALGORITHM=UNDEFINED SQL SECURITY DEFINER VIEW `data_peserta_transaksi` AS select `data_transaksi`.`id_program` AS `id_program`,`data_transaksi`.`id_jenis` AS `id_jenis`,`data_transaksi`.`total_bayar` AS `total_bayar`,`data_transaksi`.`sudah_dibayar` AS `sudah_dibayar`,`tb_peserta_transaksi`.`id` AS `id`,`tb_peserta_transaksi`.`id_peserta` AS `id_peserta`,`tb_peserta_transaksi`.`id_transaksi` AS `id_transaksi`,`tb_peserta_transaksi`.`status` AS `status`,`tb_peserta_transaksi`.`keterangan` AS `keterangan`,`tb_peserta`.`nama_lengkap` AS `nama_lengkap`,`tb_peserta`.`nama_panggilan` AS `nama_panggilan`,`tb_peserta`.`jenis_kelamin` AS `jenis_kelamin`,`tb_peserta`.`no_identitas` AS `no_identitas`,`tb_peserta`.`tempat_lahir` AS `tempat_lahir`,`tb_peserta`.`tgl_lahir` AS `tgl_lahir`,`tb_peserta`.`alamat` AS `alamat`,`tb_peserta`.`kel` AS `kel`,`tb_peserta`.`tlp_rumah` AS `tlp_rumah`,`tb_peserta`.`tlp_kantor` AS `tlp_kantor`,`tb_peserta`.`nohp` AS `nohp`,`tb_peserta`.`email` AS `email`,`tb_peserta`.`warga_negara` AS `warga_negara`,`tb_peserta`.`pekerjaan` AS `pekerjaan`,`tb_peserta`.`ukuran_baju` AS `ukuran_baju`,`tb_peserta`.`nama_ahliwaris` AS `nama_ahliwaris`,`tb_peserta`.`hubungan_ahliwaris` AS `hubungan_ahliwaris`,`tb_peserta`.`jk_ahliwaris` AS `jk_ahliwaris`,`tb_peserta`.`kode_pos` AS `kode_pos`,`tb_peserta`.`tgl_daftar` AS `tgl_daftar`,`tb_peserta`.`rt` AS `rt`,`tb_peserta`.`rw` AS `rw`,`tb_peserta`.`tempat_lahir` AS `nm_kota`,`data_transaksi`.`nama_program` AS `nama_program`,`data_transaksi`.`nm_jenis` AS `nm_jenis` from ((`tb_peserta_transaksi` join `tb_peserta` on((`tb_peserta`.`id` = `tb_peserta_transaksi`.`id_peserta`))) join `data_transaksi` on((`tb_peserta_transaksi`.`id_transaksi` = `data_transaksi`.`id`)));

DROP TABLE IF EXISTS `data_transaksi`;
CREATE ALGORITHM=UNDEFINED SQL SECURITY DEFINER VIEW `data_transaksi` AS select `tb_transaksi`.`id` AS `id`,`tb_transaksi`.`id_jenis` AS `id_jenis`,`tb_transaksi`.`dp` AS `dp`,`tb_transaksi`.`status` AS `status`,`tb_transaksi`.`id_pengguna` AS `id_pengguna`,ifnull(`angsuran_sudah_dibayar`.`sudah_dibayar`,0) AS `sudah_dibayar`,ifnull(`banyak_peserta_transaksi`.`banyak_peserta`,0) AS `total_peserta`,`tb_jenis_program`.`harga` AS `harga`,`tb_jenis_program`.`nm_jenis` AS `nm_jenis`,`tb_jenis_program`.`kuota` AS `kuota`,`tb_program`.`nama_program` AS `nama_program`,`tb_pengguna`.`username` AS `username`,`tb_pengguna`.`email` AS `email`,`tb_pengguna`.`nohp` AS `nohp`,(`tb_jenis_program`.`kuota` * `tb_jenis_program`.`harga`) AS `total_bayar`,`tb_jenis_program`.`id_program` AS `id_program` from (((((`tb_transaksi` left join `angsuran_sudah_dibayar` on((`angsuran_sudah_dibayar`.`id_transaksi` = `tb_transaksi`.`id`))) left join `banyak_peserta_transaksi` on((`banyak_peserta_transaksi`.`id_transaksi` = `tb_transaksi`.`id`))) join `tb_jenis_program` on((`tb_transaksi`.`id_jenis` = `tb_jenis_program`.`id`))) join `tb_program` on((`tb_jenis_program`.`id_program` = `tb_program`.`id`))) join `tb_pengguna` on((`tb_transaksi`.`id_pengguna` = `tb_pengguna`.`id`)));

DROP TABLE IF EXISTS `laporan_data_transaksi`;
CREATE ALGORITHM=UNDEFINED SQL SECURITY DEFINER VIEW `laporan_data_transaksi` AS select `tb_transaksi`.`id` AS `id`,`tb_transaksi`.`id_jenis` AS `id_jenis`,`tb_transaksi`.`dp` AS `dp`,`tb_transaksi`.`status` AS `status`,`tb_transaksi`.`id_pengguna` AS `id_pengguna`,ifnull(`angsuran_sudah_dibayar`.`sudah_dibayar`,0) AS `sudah_dibayar`,ifnull(`banyak_peserta_transaksi`.`banyak_peserta`,0) AS `total_peserta`,`tb_jenis_program`.`harga` AS `harga`,`tb_jenis_program`.`nm_jenis` AS `nm_jenis`,`tb_jenis_program`.`kuota` AS `kuota`,`tb_program`.`nama_program` AS `nama_program`,`tb_pengguna`.`username` AS `username`,`tb_pengguna`.`email` AS `email`,`tb_pengguna`.`nohp` AS `nohp`,(`tb_jenis_program`.`kuota` * `tb_jenis_program`.`harga`) AS `total_bayar`,`tb_jenis_program`.`id_program` AS `id_program`,`tb_angsuran`.`tgl_bayar` AS `tgl_bayar` from ((((((`tb_transaksi` left join `angsuran_sudah_dibayar` on((`angsuran_sudah_dibayar`.`id_transaksi` = `tb_transaksi`.`id`))) left join `banyak_peserta_transaksi` on((`banyak_peserta_transaksi`.`id_transaksi` = `tb_transaksi`.`id`))) join `tb_jenis_program` on((`tb_transaksi`.`id_jenis` = `tb_jenis_program`.`id`))) join `tb_program` on((`tb_jenis_program`.`id_program` = `tb_program`.`id`))) join `tb_pengguna` on((`tb_transaksi`.`id_pengguna` = `tb_pengguna`.`id`))) left join `tb_angsuran` on((`tb_transaksi`.`id` = `tb_angsuran`.`id_transaksi`))) where (`tb_angsuran`.`jenis_pembayaran` = 'DP');

-- 2019-10-01 16:07:07